iteration,storage,timestep,charge,discharge
1,battery,1,9.999999999999963,3.442520585488206e-14
1,battery,2,4.1882732612298595e-14,9.99999999999995
2,battery,1,9.007625647181541,2.929944102451278e-10
2,battery,2,2.7004578361521286e-10,9.007625647158685
3,battery,1,9.999999999999282,6.380303481656164e-13
3,battery,2,7.778006534102247e-13,9.999999999999098
4,battery,1,9.999999999994621,5.0594437336269e-12
4,battery,2,6.6765133501275814e-12,9.999999999992763
5,battery,1,9.999999999996247,3.4990105761298213e-12
5,battery,2,4.581329225324603e-12,9.999999999994964
6,battery,1,9.99999999998975,9.27267869940723e-12
6,battery,2,1.172095276139351e-11,9.999999999986526
7,battery,1,9.999999999996016,3.4000214535406888e-12
7,battery,2,4.114184772412659e-12,9.999999999994998
8,battery,1,9.99999999999605,3.2001886099357687e-12
8,battery,2,3.6645114761782454e-12,9.999999999995174
9,battery,1,9.999999999999618,3.259029517688116e-13
9,battery,2,3.9773823502485596e-13,9.999999999999517
10,battery,1,9.999999999993179,6.097838993984701e-12
10,battery,2,7.96518656250683e-12,9.999999999990543
11,battery,1,9.999999999995344,4.3082702253586425e-12
11,battery,2,6.125824629467103e-12,9.999999999993094
12,battery,1,9.999999999999988,1.1839548411812235e-14
12,battery,2,1.730477495514107e-14,9.99999999999998
13,battery,1,9.999999999999408,5.536998691832513e-13
13,battery,2,7.993327855791553e-13,9.999999999999119
14,battery,1,9.99999999999998,1.8485506100297158e-14
14,battery,2,2.6251511066516475e-14,9.999999999999972
15,battery,1,9.999999999999849,1.405579809040295e-13
15,battery,2,1.9779052377230242e-13,9.999999999999782
16,battery,1,9.99999999999991,8.494536000776227e-14
16,battery,2,1.194232617450246e-13,9.999999999999869
17,battery,1,9.999999999999966,3.200317690757793e-14
17,battery,2,4.5183396654565714e-14,9.99999999999995
18,battery,1,9.999999999999979,2.0656793620451724e-14
18,battery,2,2.928981140733365e-14,9.999999999999968
19,battery,1,9.99999999999997,2.871521496217253e-14
19,battery,2,4.087495316407897e-14,9.999999999999956
20,battery,1,9.999999999999906,8.818783954032278e-14
20,battery,2,1.2548559831367154e-13,9.999999999999861
21,battery,1,9.999999999999801,1.8681502339032002e-13
21,battery,2,2.6646819139583483e-13,9.999999999999709
22,battery,1,9.99999999999981,1.7770560209430493e-13
22,battery,2,2.531741614003173e-13,9.999999999999723
23,battery,1,9.99999999999989,1.0283853272844656e-13
23,battery,2,1.4758329475847145e-13,9.999999999999838
24,battery,1,9.999999999999947,5.0223709642928145e-14
24,battery,2,6.879481008366296e-14,9.999999999999925
25,battery,1,9.999999999999977,2.1825442015528386e-14
25,battery,2,3.138177045386627e-14,9.999999999999966
26,battery,1,9.999999999999988,1.257520149301293e-14
26,battery,2,1.8174116691838792e-14,9.99999999999998
27,battery,1,9.999999999999988,1.2453853950473861e-14
27,battery,2,1.8062564272224255e-14,9.99999999999998
28,battery,1,9.999999999999982,1.7046094501873835e-14
28,battery,2,2.4762894093710752e-14,9.999999999999973
29,battery,1,9.999999999999982,1.7370914531916746e-14
29,battery,2,2.525150154187211e-14,9.999999999999973
30,battery,1,9.999999999999988,1.2141429470288807e-14
30,battery,2,1.7652201894423426e-14,9.99999999999998
31,battery,1,9.999999999999993,6.3984472356718154e-15
31,battery,2,9.301053659641477e-15,9.99999999999999
32,battery,1,9.999999999996948,2.910197647679082e-12
32,battery,2,4.2280896552134046e-12,9.999999999995465
33,battery,1,9.999999999998312,1.6088973578662354e-12
33,battery,2,2.337802516576179e-12,9.999999999997492
34,battery,1,9.99999999999839,1.5341743009490243e-12
34,battery,2,2.2288257589480754e-12,9.999999999997607
35,battery,1,9.999999999998417,1.508769628446215e-12
35,battery,2,2.19199561078837e-12,9.999999999997648
36,battery,1,9.999999999998396,1.5305191933116851e-12
36,battery,2,2.2246503413061484e-12,9.999999999997614
37,battery,1,9.999999999998327,1.5965543469402163e-12
37,battery,2,2.3206982592516135e-12,9.999999999997515
38,battery,1,9.99999999999814,1.7759935225019978e-12
38,battery,2,2.5779675904700865e-12,9.999999999997241
39,battery,1,9.999999999996463,3.3803371166712142e-12
39,battery,2,4.9122585901052565e-12,9.99999999999475
40,battery,1,9.999999999999993,6.001679019344037e-15
40,battery,2,8.724838701330754e-15,9.999999999999991
41,battery,1,9.99999999999999,9.537218863611104e-15
41,battery,2,1.3867616304587799e-14,9.999999999999986
42,battery,1,9.999999999999986,1.3401205028082592e-14
42,battery,2,1.948505785593655e-14,9.999999999999979
43,battery,1,9.999999999999982,1.663375462797278e-14
43,battery,2,2.418042314803535e-14,9.999999999999973
44,battery,1,9.99999999999998,1.8302804532429168e-14
44,battery,2,2.6599066480334716e-14,9.999999999999972
45,battery,1,9.99999999999998,1.7928354575997038e-14
45,battery,2,2.6046416358069558e-14,9.999999999999972
46,battery,1,9.999999999999984,1.570442119777844e-14
46,battery,2,2.28080726800525e-14,9.999999999999975
47,battery,1,9.999999999999984,1.5028321579884867e-14
47,battery,2,2.1821037298447624e-14,9.999999999999977
48,battery,1,9.99999999999999,1.0848660870913156e-14
48,battery,2,1.5749633839618758e-14,9.999999999999984
49,battery,1,9.999999999999993,7.2249238712588e-15
49,battery,2,1.0487288608645717e-14,9.99999999999999
50,battery,1,9.999999999999995,4.541230811251774e-15
50,battery,2,6.590267338151963e-15,9.999999999999993
51,battery,1,9.999999999997097,2.7871655904401085e-12
51,battery,2,4.04384423006151e-12,9.999999999995708
52,battery,1,9.999999999998169,1.7601282973855684e-12
52,battery,2,2.5530656264231142e-12,9.999999999997293
53,battery,1,9.99999999999832,1.6145846243289053e-12
53,battery,2,2.3463064191260288e-12,9.999999999997513
54,battery,1,9.999999999998261,1.6716771227102384e-12
54,battery,2,2.432899933977809e-12,9.999999999997423
55,battery,1,9.999999999999995,4.366327211880362e-15
55,battery,2,6.362326426796603e-15,9.999999999999993
56,battery,1,9.99999999999997,2.920301349438948e-14
56,battery,2,4.2634564510115935e-14,9.999999999999956
57,battery,1,9.999999999999055,9.096095159399747e-13
57,battery,2,1.3309330266756175e-12,9.999999999998593
58,battery,1,9.999999999999988,1.2456631948359757e-14
58,battery,2,1.8419519361825434e-14,9.99999999999998
59,battery,1,9.999999999999673,3.136646202950564e-13
59,battery,2,4.3059246052939193e-13,9.999999999999542
60,battery,1,9.999999999999988,1.1215449880771917e-14
60,battery,2,1.6593536001580552e-14,9.999999999999982
61,battery,1,9.999999999999966,3.182657920042711e-14
61,battery,2,4.7464696721691956e-14,9.99999999999995
62,battery,1,9.99999999999978,2.12422951435297e-13
62,battery,2,3.20158554503528e-13,9.999999999999662
63,battery,1,9.999999999998245,1.6953597302995333e-12
63,battery,2,2.554545359421182e-12,9.999999999997309
64,battery,1,9.99999999999903,9.265516577508585e-13
64,battery,2,1.23870906280905e-12,9.999999999998682
65,battery,1,9.999999999999671,3.1564557514316974e-13
65,battery,2,4.461533706498402e-13,9.999999999999527
66,battery,1,9.999999999999645,3.419507382318878e-13
66,battery,2,4.961292206107557e-13,9.999999999999476
67,battery,1,9.999999999999483,4.978324579339989e-13
67,battery,2,7.325206619855237e-13,9.999999999999227
68,battery,1,9.999999999997597,2.317198458842562e-12
68,battery,2,3.376613617564433e-12,9.999999999996437
69,battery,1,9.999999999993513,6.249608279293279e-12
69,battery,2,9.020459805077388e-12,9.999999999990475
70,battery,1,9.999999999999936,6.133397460612912e-14
70,battery,2,8.38604468820318e-14,9.999999999999911
71,battery,1,9.999999999994513,5.277644772081922e-12
71,battery,2,7.478636634689503e-12,9.999999999992092
72,battery,1,9.999999999999991,9.419577889843046e-15
72,battery,2,1.3915503905344473e-14,9.999999999999986
73,battery,1,9.999999999991891,7.345488044406841e-12
73,battery,2,1.0894855805479082e-11,9.999999999987336
74,battery,1,9.999999999999554,3.947755263198324e-13
74,battery,2,5.683622204935248e-13,9.999999999999316
75,battery,1,9.999999999999885,1.0274421103113123e-13
75,battery,2,1.4476320525122254e-13,9.99999999999983
76,battery,1,9.99999999999993,6.315432378985603e-14
76,battery,2,8.900486600003392e-14,9.999999999999899
77,battery,1,9.99999999999997,2.8259519594137055e-14
77,battery,2,3.999461254491529e-14,9.999999999999956
78,battery,1,9.999999999999623,3.5029786075619766e-13
78,battery,2,4.970418232504087e-13,9.99999999999945
79,battery,1,9.999999999999945,5.173680261717049e-14
79,battery,2,7.320942517400512e-14,9.999999999999918
80,battery,1,9.999999999999982,1.6547697868466482e-14
80,battery,2,2.3445242103433727e-14,9.999999999999973
81,battery,1,9.999999999999993,6.972360550998566e-15
81,battery,2,9.872178561133586e-15,9.99999999999999
82,battery,1,9.999999999996225,3.5116936679446587e-12
82,battery,2,4.970348518374293e-12,9.999999999994486
83,battery,1,9.999999999996852,2.935665472331313e-12
83,battery,2,4.1718135493248835e-12,9.999999999995387
84,battery,1,9.999999999997025,2.781267982261161e-12
84,battery,2,3.958081469629236e-12,9.999999999995637
85,battery,1,9.999999999997154,2.6656673148814626e-12
85,battery,2,3.799018382218878e-12,9.999999999995824
86,battery,1,9.999999999997272,2.559174747213796e-12
86,battery,2,3.651851775001643e-12,9.999999999995994
87,battery,1,9.999999999997325,2.513525779054119e-12
87,battery,2,3.5911636794066734e-12,9.999999999996067
88,battery,1,9.99999999999733,2.5090671562531614e-12
88,battery,2,3.5885317486985392e-12,9.999999999996076
89,battery,1,9.999999999997017,2.8052678420377095e-12
89,battery,2,4.010657547347769e-12,9.999999999995618
90,battery,1,9.99999999999549,4.247856606378876e-12
90,battery,2,6.085047649607649e-12,9.999999999993362
91,battery,1,9.999999999999993,6.009171387485191e-15
91,battery,2,8.621006358357018e-15,9.999999999999991
92,battery,1,9.999999999999991,7.778949018972672e-15
92,battery,2,1.1178574270954536e-14,9.999999999999988
93,battery,1,9.999999999999991,8.874142537694828e-15
93,battery,2,1.2807013532304961e-14,9.999999999999986
94,battery,1,9.999999999999991,9.236660760449028e-15
94,battery,2,1.336186910361075e-14,9.999999999999986
95,battery,1,9.999999999999991,8.635318129846554e-15
95,battery,2,1.2506917638290212e-14,9.999999999999986
96,battery,1,9.999999999999993,7.3940129832701e-15
96,battery,2,1.0724615857351235e-14,9.99999999999999
97,battery,1,9.999999999999995,5.8042237512552e-15
97,battery,2,8.427090411883087e-15,9.999999999999991
98,battery,1,9.999999999995612,4.1915361227724425e-12
98,battery,2,6.08890985916364e-12,9.999999999993486
99,battery,1,9.99999999999704,2.826789027524751e-12
99,battery,2,4.106940256360556e-12,9.999999999995607
100,battery,1,9.99999999999809,1.823936465933569e-12
100,battery,2,2.6495492578536034e-12,9.999999999997167
101,battery,1,9.999999999998371,1.5559989822406032e-12
101,battery,2,2.261803027792171e-12,9.99999999999758
102,battery,1,9.999999999998415,1.5137451787203976e-12
102,battery,2,2.2011386846599526e-12,9.999999999997646
103,battery,1,9.999999999998446,1.4860440369500322e-12
103,battery,2,2.160518614153349e-12,9.99999999999769
104,battery,1,9.999999999998444,1.4883876217889706e-12
104,battery,2,2.164091778383456e-12,9.999999999997687
105,battery,1,9.999999999998426,1.504448750948814e-12
105,battery,2,2.187553553398768e-12,9.999999999997664
106,battery,1,9.999999999998396,1.5351535468723825e-12
106,battery,2,2.2331467801077237e-12,9.999999999997618
107,battery,1,9.999999999998334,1.5962409731567688e-12
107,battery,2,2.3220183835819125e-12,9.999999999997526
108,battery,1,9.999999999998142,1.7807868051019154e-12
108,battery,2,2.5877894660780415e-12,9.999999999997243
109,battery,1,9.99999999999648,3.3749685901667767e-12
109,battery,2,4.9069748585823115e-12,9.999999999994778
110,battery,1,9.999999999999995,4.434057366159402e-15
110,battery,2,6.44825641620902e-15,9.999999999999993
111,battery,1,9.999999999999995,5.430661069086882e-15
111,battery,2,7.898158402184148e-15,9.999999999999991
112,battery,1,9.999999999999993,6.1638989789302265e-15
112,battery,2,8.964829218426802e-15,9.999999999999991
113,battery,1,9.999999999999993,6.4625245324185875e-15
113,battery,2,9.402988636723925e-15,9.99999999999999
114,battery,1,9.999999999999993,7.40132782006561e-15
114,battery,2,1.0784899426194424e-14,9.99999999999999
115,battery,1,9.999999999999984,1.4767755644825358e-14
115,battery,2,2.154714329526171e-14,9.999999999999977
116,battery,1,9.999999999999954,4.442465950163688e-14
116,battery,2,6.480084517983275e-14,9.99999999999993
117,battery,1,9.999999999999824,1.6883532096276735e-13
117,battery,2,2.4747305529367087e-13,9.999999999999737
118,battery,1,9.999999999993552,6.2040964078142344e-12
118,battery,2,9.070829427583599e-12,9.999999999990397
119,battery,1,9.999999999999785,2.0685322500838198e-13
119,battery,2,3.056635381231818e-13,9.999999999999677
120,battery,1,9.999999999999964,3.387868120488483e-14
120,battery,2,4.416126795032699e-14,9.999999999999952
121,battery,1,9.999999999999988,1.253447073457401e-14
121,battery,2,1.6704309378148257e-14,9.999999999999982
122,battery,1,9.999999999999988,1.2348024497769813e-14
122,battery,2,1.671505947936615e-14,9.999999999999982
123,battery,1,9.999999999999988,1.2085491163158864e-14
123,battery,2,1.6830670218392426e-14,9.999999999999982
124,battery,1,9.999999999999986,1.444568562727737e-14
124,battery,2,2.074341052772447e-14,9.999999999999979
125,battery,1,9.999999999999977,2.2685684478178473e-14
125,battery,2,3.3481932662540626e-14,9.999999999999964
126,battery,1,9.999999999999917,7.974037064817456e-14
126,battery,2,1.1773018409591171e-13,9.999999999999876
127,battery,1,9.999999999998966,9.95888005386291e-13
127,battery,2,1.4532843114340575e-12,9.999999999998465
128,battery,1,9.999999999999835,1.583980906783776e-13
128,battery,2,2.2964764256901387e-13,9.999999999999757
129,battery,1,9.999999999997016,2.864917522857652e-12
129,battery,2,3.999905152419895e-12,9.999999999995765
130,battery,1,9.999999999999622,3.6513451989771357e-13
130,battery,2,5.286247455681082e-13,9.999999999999442
131,battery,1,9.999999999998991,9.74757212091717e-13
131,battery,2,1.4531113340849869e-12,9.999999999998469
132,battery,1,9.999999999999993,6.041395184186223e-15
132,battery,2,9.039285538585255e-15,9.999999999999991
133,battery,1,9.999999999999934,6.368669243721349e-14
133,battery,2,9.427739072511176e-14,9.9999999999999
134,battery,1,9.999999999999995,4.324051923047947e-15
134,battery,2,6.418096311632749e-15,9.999999999999993
135,battery,1,9.999999999999938,5.949058328683604e-14
135,battery,2,8.509153894338864e-14,9.99999999999991
136,battery,1,9.999999999999481,4.575488951053473e-13
136,battery,2,6.145856881271205e-13,9.99999999999927
137,battery,1,9.99999999999986,1.2081099915165352e-13
137,battery,2,1.6150163731695136e-13,9.999999999999801
138,battery,1,9.999999999999213,6.9641275737301e-13
138,battery,2,9.498925206151696e-13,9.999999999998872
139,battery,1,9.999999999999984,1.5136144173891158e-14
139,battery,2,2.1050407394153788e-14,9.999999999999977
140,battery,1,9.99999999999986,1.2818067420124842e-13
140,battery,2,1.7025282257621623e-13,9.999999999999808
141,battery,1,9.99999999999993,6.378223142907959e-14
141,battery,2,8.804799677775091e-14,9.999999999999902
142,battery,1,9.999999999999984,1.508274940595219e-14
142,battery,2,2.137459595507607e-14,9.999999999999977
143,battery,1,9.999999999999972,2.6826852893084384e-14
143,battery,2,3.8812230416477995e-14,9.999999999999957
144,battery,1,9.999999999999465,4.977988713260853e-13
144,battery,2,7.194788214249292e-13,9.999999999999202
145,battery,1,9.999999999996824,2.960804394007407e-12
145,battery,2,4.246235227280012e-12,9.999999999995298
146,battery,1,9.999999999999986,1.3938571499932079e-14
146,battery,2,1.984703891197112e-14,9.999999999999979
147,battery,1,9.999999999999988,1.098005535373956e-14
147,battery,2,1.5624428631313617e-14,9.999999999999982
148,battery,1,9.999999999996064,3.687555233929139e-12
148,battery,2,5.268708432381241e-12,9.99999999999421
149,battery,1,9.999999999997065,2.753638200525961e-12
149,battery,2,3.941866767638465e-12,9.999999999995678
150,battery,1,9.999999999997499,2.350493856912835e-12
150,battery,2,3.36979245760184e-12,9.99999999999631
151,battery,1,9.999999999997637,2.2218078137997085e-12
151,battery,2,3.1880804123859255e-12,9.999999999996515
152,battery,1,9.999999999997657,2.204780719140119e-12
152,battery,2,3.1659285078438944e-12,9.999999999996541
153,battery,1,9.999999999997682,2.184068411334929e-12
153,battery,2,3.139163221212979e-12,9.999999999996577
154,battery,1,9.999999999997824,2.0515961124121125e-12
154,battery,2,2.9491978205114643e-12,9.999999999996787
155,battery,1,9.999999999998224,1.6750903604003023e-12
155,battery,2,2.40636737434092e-12,9.99999999999738
156,battery,1,9.999999999998375,1.5415835559900866e-12
156,battery,2,2.2226365854974785e-12,9.999999999997598
157,battery,1,9.999999999998398,1.5231367779112142e-12
157,battery,2,2.200122102857281e-12,9.999999999997632
158,battery,1,9.999999999998362,1.558970643582401e-12
158,battery,2,2.2547157336385633e-12,9.999999999997577
159,battery,1,9.999999999998392,1.5328377776834653e-12
159,battery,2,2.219654260013563e-12,9.99999999999762
160,battery,1,9.999999999998412,1.5153517638174626e-12
160,battery,2,2.1954939361970773e-12,9.99999999999765
161,battery,1,9.99999999999842,1.5075238917613702e-12
161,battery,2,2.1854477753086685e-12,9.999999999997662
162,battery,1,9.999999999998424,1.505438122776964e-12
162,battery,2,2.182817301772241e-12,9.999999999997666
163,battery,1,9.999999999998423,1.5061630015453978e-12
163,battery,2,2.183611667239848e-12,9.999999999997664
164,battery,1,9.99999999999842,1.5073814574897994e-12
164,battery,2,2.18531982346705e-12,9.999999999997662
165,battery,1,9.99999999999842,1.507610841546704e-12
165,battery,2,2.185747094385678e-12,9.999999999997662
166,battery,1,9.999999999998423,1.506041929395953e-12
166,battery,2,2.1837569639236063e-12,9.999999999997664
167,battery,1,9.999999999998428,1.5026742371100047e-12
167,battery,2,2.179302241624585e-12,9.999999999997671
168,battery,1,9.999999999998433,1.4981072594066002e-12
168,battery,2,2.1732727818060135e-12,9.999999999997678
169,battery,1,9.999999999998439,1.4930146295434936e-12
169,battery,2,2.1672605543776863e-12,9.999999999997687
170,battery,1,9.999999999998446,1.488504392441859e-12
170,battery,2,2.1614374094094168e-12,9.999999999997696
171,battery,1,9.99999999999845,1.4846963318449586e-12
171,battery,2,2.156930476017311e-12,9.999999999997703
172,battery,1,9.999999999998247,1.6810696901757258e-12
172,battery,2,2.4429588678736674e-12,9.9999999999974
173,battery,1,9.999999999998256,1.672069090829011e-12
173,battery,2,2.4306446108341036e-12,9.999999999997414
174,battery,1,9.999999999998264,1.664719412710355e-12
174,battery,2,2.4205891879220716e-12,9.999999999997426
175,battery,1,9.999999999998277,1.6532055126304997e-12
175,battery,2,2.404455034617928e-12,9.999999999997446
176,battery,1,9.999999999998295,1.6363840971198834e-12
176,battery,2,2.3807629319386003e-12,9.999999999997472
177,battery,1,9.999999999998314,1.6181857446186e-12
177,battery,2,2.3544468308339507e-12,9.9999999999975
178,battery,1,9.999999999998336,1.5993509913768681e-12
178,battery,2,2.327687470524058e-12,9.99999999999753
179,battery,1,9.999999999998355,1.5808024285532218e-12
179,battery,2,2.301264729891649e-12,9.999999999997561
180,battery,1,9.999999999998375,1.562910556043505e-12
180,battery,2,2.275808754282401e-12,9.99999999999759
181,battery,1,9.999999999998392,1.5462380258878291e-12
181,battery,2,2.2516834903949964e-12,9.999999999997616
182,battery,1,9.999999999998407,1.532548181552694e-12
182,battery,2,2.2322265430398657e-12,9.999999999997637
183,battery,1,9.999999999998419,1.5218016777397955e-12
183,battery,2,2.2171379295318718e-12,9.999999999997653
184,battery,1,9.999999999998424,1.5163951760438655e-12
184,battery,2,2.2094767542569054e-12,9.999999999997662
185,battery,1,9.999999999998423,1.519121480313966e-12
185,battery,2,2.2137857944448804e-12,9.999999999997659
186,battery,1,9.999999999998407,1.5341032688411342e-12
186,battery,2,2.2356827216781315e-12,9.999999999997637
187,battery,1,9.99999999999838,1.5608011171903312e-12
187,battery,2,2.2778470937098654e-12,9.999999999997593
188,battery,1,9.999999999997527,2.3827422401531132e-12
188,battery,2,3.4801262197391393e-12,9.999999999996325
189,battery,1,9.99999999999999,1.0985952398228252e-14
189,battery,2,1.6073325373288932e-14,9.999999999999982
190,battery,1,9.999999999999934,6.253350778540104e-14
190,battery,2,9.147194678533191e-14,9.999999999999904
191,battery,1,9.999999999998392,1.5506196334923292e-12
191,battery,2,2.272232602679172e-12,9.999999999997602
192,battery,1,9.999999999998641,1.3114445010795968e-12
192,battery,2,1.94574007056166e-12,9.999999999997947
193,battery,1,9.999999999999941,5.640537479600417e-14
193,battery,2,7.959011826599022e-14,9.999999999999915
194,battery,1,9.999999999999249,7.252584305074388e-13
194,battery,2,1.0813324310005753e-12,9.999999999998861
195,battery,1,9.999999999999995,5.275163063163169e-15
195,battery,2,7.88953496772753e-15,9.999999999999991
196,battery,1,9.999999999999977,2.179253959778648e-14
196,battery,2,3.285573802678792e-14,9.999999999999966
197,battery,1,9.999999999997554,2.3647911724429225e-12
197,battery,2,3.5794661800973213e-12,9.99999999999623
198,battery,1,9.999999999999977,2.2273301665887583e-14
198,battery,2,2.981531050596167e-14,9.999999999999968
199,battery,1,9.999999999997838,2.0781156634340436e-12
199,battery,2,2.9336810306099303e-12,9.999999999996897
200,battery,1,9.999999999999392,5.383869008946749e-13
200,battery,2,7.342107360956137e-13,9.999999999999131
201,battery,1,9.999999999999975,2.0280471267652692e-14
201,battery,2,2.5512380485839726e-14,9.999999999999964
202,battery,1,9.99999999999982,1.5845364968784926e-13
202,battery,2,2.1592261178038846e-13,9.999999999999742
203,battery,1,9.99999999999981,1.7451629609388253e-13
203,battery,2,2.455021799987152e-13,9.999999999999721
204,battery,1,9.999999999996259,3.3877475107815458e-12
204,battery,2,4.321517002132841e-12,9.999999999995085
205,battery,1,9.999999999999977,2.0453586172943026e-14
205,battery,2,2.743218129940088e-14,9.99999999999997
206,battery,1,9.999999999994444,5.155361171371727e-12
206,battery,2,7.225734895626257e-12,9.999999999991893
207,battery,1,9.99999999999382,5.768857166518413e-12
207,battery,2,8.424312334280762e-12,9.999999999990612
208,battery,1,9.999999999999696,2.8399616804554546e-13
208,battery,2,4.17521873382573e-13,9.999999999999538
209,battery,1,9.999999999999908,8.583574185027888e-14
209,battery,2,1.238395442737745e-13,9.999999999999863
210,battery,1,9.999999999999687,2.9220247846284837e-13
210,battery,2,4.153011137056221e-13,9.999999999999542
211,battery,1,9.99999999999996,3.770934500770477e-14
211,battery,2,5.3520711899906684e-14,9.999999999999941
212,battery,1,9.999999999999405,5.572626188999775e-13
212,battery,2,7.930056317931081e-13,9.999999999999128
213,battery,1,9.999999999999941,5.529170160565171e-14
213,battery,2,8.163631180493275e-14,9.99999999999991
214,battery,1,9.99999999999998,1.7959117614247246e-14
214,battery,2,2.5637080163201413e-14,9.999999999999972
215,battery,1,9.999999999999993,7.339121289727959e-15
215,battery,2,1.0479065944309021e-14,9.99999999999999
216,battery,1,9.999999999996312,3.4689749686761937e-12
216,battery,2,4.9504563234101175e-12,9.99999999999459
217,battery,1,9.999999999997431,2.4181216578816834e-12
217,battery,2,3.4600626351093297e-12,9.999999999996225
218,battery,1,9.999999999997721,2.1483633641122965e-12
218,battery,2,3.0740472398274595e-12,9.99999999999665
219,battery,1,9.999999999998197,1.7003237027783517e-12
219,battery,2,2.432902776862744e-12,9.999999999997351
220,battery,1,9.99999999999836,1.5545936175116973e-12
220,battery,2,2.232891974975761e-12,9.999999999997588
221,battery,1,9.999999999998355,1.562781750724168e-12
221,battery,2,2.2498989882845297e-12,9.999999999997577
222,battery,1,9.999999999998266,1.649886302761172e-12
222,battery,2,2.379364536013829e-12,9.999999999997442
223,battery,1,9.99999999999762,2.269288276267867e-12
223,battery,2,3.2765822566658384e-12,9.999999999996486
224,battery,1,9.999999999996112,3.710779932580583e-12
224,battery,2,5.366857032415959e-12,9.999999999994252
225,battery,1,9.999999999999995,5.5847756097306545e-15
225,battery,2,8.086754890492882e-15,9.999999999999991
226,battery,1,9.999999999999993,7.559693332053712e-15
226,battery,2,1.0955211298055122e-14,9.999999999999988
227,battery,1,9.999999999999991,9.156464363255744e-15
227,battery,2,1.3277501805780807e-14,9.999999999999986
228,battery,1,9.99999999999999,9.92773557787868e-15
228,battery,2,1.4403763981476206e-14,9.999999999999984
229,battery,1,9.99999999999999,9.66399517149157e-15
229,battery,2,1.4028705334487113e-14,9.999999999999986
230,battery,1,9.999999999999991,8.482922646038708e-15
230,battery,2,1.2321335862534238e-14,9.999999999999988
231,battery,1,9.999999999999993,6.756506099735115e-15
231,battery,2,9.819590055593704e-15,9.99999999999999
232,battery,1,9.999999999999995,4.930027044573253e-15
232,battery,2,7.169297795677828e-15,9.999999999999993
233,battery,1,9.999999999996506,3.3437555141886918e-12
233,battery,2,4.864614486010135e-12,9.999999999994811
234,battery,1,9.999999999997739,2.1657998137728054e-12
234,battery,2,3.1518466024595535e-12,9.999999999996641
235,battery,1,9.999999999998389,1.5439895500312902e-12
235,battery,2,2.2490247519866095e-12,9.999999999997605
236,battery,1,9.999999999998241,1.6851356988317134e-12
236,battery,2,2.4554562974221704e-12,9.999999999997387
237,battery,1,9.999999999998282,1.6481637805321705e-12
237,battery,2,2.4022152248917503e-12,9.999999999997446
238,battery,1,9.999999999998288,1.6422873625439976e-12
238,battery,2,2.394045823548624e-12,9.999999999997456
239,battery,1,9.99999999999828,1.650085998970884e-12
239,battery,2,2.405608086237294e-12,9.999999999997444
240,battery,1,9.999999999998256,1.6742403597484198e-12
240,battery,2,2.4409330976193927e-12,9.999999999997408
241,battery,1,9.99999999999821,1.7197745211641695e-12
241,battery,2,2.507653209212933e-12,9.999999999997339
242,battery,1,9.999999999997415,2.483393573607376e-12
242,battery,2,3.6175651921373506e-12,9.999999999996163
243,battery,1,9.999999999996339,3.519220205331709e-12
243,battery,2,5.128052983497533e-12,9.999999999994564
244,battery,1,9.999999999999995,4.734798717144314e-15
244,battery,2,6.900739269781923e-15,9.999999999999993
245,battery,1,9.999999999999995,5.935432381546991e-15
245,battery,2,8.651491646521528e-15,9.999999999999991
246,battery,1,9.999999999999993,6.891987582939114e-15
246,battery,2,1.0045785373633214e-14,9.99999999999999
247,battery,1,9.999999999999993,7.361983088923288e-15
247,battery,2,1.0733708745648553e-14,9.99999999999999
248,battery,1,9.999999999999991,8.553378065083356e-15
248,battery,2,1.2486926662835305e-14,9.999999999999988
249,battery,1,9.999999999999982,1.690526868705599e-14
249,battery,2,2.4707106776590073e-14,9.999999999999973
250,battery,1,9.999999999999948,4.895958146240062e-14
250,battery,2,7.15314983476048e-14,9.999999999999924
251,battery,1,9.999999999999783,2.0803324783322516e-13
251,battery,2,3.048402139976124e-13,9.999999999999678
252,battery,1,9.999999999999991,8.059648815998862e-15
252,battery,2,1.1799331867196117e-14,9.999999999999988
253,battery,1,9.99999999999767,2.2474768483913157e-12
253,battery,2,3.32158602707912e-12,9.999999999996493
254,battery,1,9.999999999999975,2.4135706214304088e-14
254,battery,2,3.0339575499841866e-14,9.999999999999968
255,battery,1,9.999999999999789,2.0190022847252754e-13
255,battery,2,2.7085724923134075e-13,9.999999999999712
256,battery,1,9.999999999999655,3.295582563038294e-13
256,battery,2,4.49094072593257e-13,9.999999999999524
257,battery,1,9.999999999999476,5.030483621350193e-13
257,battery,2,7.029292247822852e-13,9.999999999999256
258,battery,1,9.999999999998598,1.3498380367028543e-12
258,battery,2,1.9428188155537167e-12,9.999999999997948
259,battery,1,9.999999999999991,9.341938059020963e-15
259,battery,2,1.3802777487419938e-14,9.999999999999986
260,battery,1,9.999999999999948,4.9624581472911e-14
260,battery,2,7.357512539207168e-14,9.999999999999922
261,battery,1,9.99999999999942,5.596407511853533e-13
261,battery,2,8.157898196414e-13,9.99999999999914
262,battery,1,9.999999999999767,2.2407188967985089e-13
262,battery,2,3.2900809920096266e-13,9.999999999999652
263,battery,1,9.999999999994316,4.8116971469186486e-12
263,battery,2,5.9137802357989164e-12,9.999999999992712
264,battery,1,9.999999999999961,3.134860410023278e-14
264,battery,2,3.745411497118184e-14,9.999999999999947
265,battery,1,9.999999999989882,8.954586148232682e-12
265,battery,2,1.2517135874468906e-11,9.999999999984675
266,battery,1,9.99999999999992,7.355091616349443e-14
266,battery,2,1.0900813856341165e-13,9.999999999999877
267,battery,1,9.999999999999979,1.9379554633154132e-14
267,battery,2,2.839540139910162e-14,9.999999999999968
268,battery,1,9.99999999999514,4.539199182803685e-12
268,battery,2,6.5438477528065436e-12,9.999999999992767
269,battery,1,9.999999999999694,2.8094588962369573e-13
269,battery,2,3.7339531566509446e-13,9.99999999999958
270,battery,1,9.999999999999732,2.490509622296672e-13
270,battery,2,3.4687226409292793e-13,9.999999999999613
271,battery,1,9.999999999999927,6.726213104231676e-14
271,battery,2,9.489771604150374e-14,9.999999999999895
272,battery,1,9.999999999999512,4.535372451927758e-13
272,battery,2,6.41214418301617e-13,9.999999999999288
273,battery,1,9.999999999999986,1.3909328098317169e-14
273,battery,2,1.957859449177785e-14,9.999999999999979
274,battery,1,9.999999999999867,1.2386360400468134e-13
274,battery,2,1.6657230447835572e-13,9.999999999999815
275,battery,1,9.999999999999934,6.10892999220153e-14
275,battery,2,8.477775157125046e-14,9.999999999999906
276,battery,1,9.999999999999984,1.461590788781726e-14
276,battery,2,2.091080749942887e-14,9.999999999999977
277,battery,1,9.999999999999975,2.353051944343231e-14
277,battery,2,3.417579222015203e-14,9.999999999999963
278,battery,1,9.999999999999558,4.1713340638525575e-13
278,battery,2,6.06388354152643e-13,9.999999999999337
279,battery,1,9.999999999997398,2.4505641919145014e-12
279,battery,2,3.5361134785674567e-12,9.99999999999614
280,battery,1,9.99999999999999,1.0770247685163032e-14
280,battery,2,1.543759807598437e-14,9.999999999999984
281,battery,1,9.999999999999991,8.217961854254846e-15
281,battery,2,1.1763402463494403e-14,9.999999999999988
282,battery,1,9.999999999997435,2.4187811144960306e-12
282,battery,2,3.4686003398696517e-12,9.999999999996223
283,battery,1,9.99999999999822,1.6874282627725956e-12
283,battery,2,2.430517134247865e-12,9.999999999997373
284,battery,1,9.999999999998463,1.461059270507846e-12
284,battery,2,2.1099440667870018e-12,9.999999999997728
285,battery,1,9.999999999998472,1.4539681963406712e-12
285,battery,2,2.1032224412119187e-12,9.999999999997739
286,battery,1,9.999999999998469,1.4594917663762823e-12
286,battery,2,2.1131979481349524e-12,9.999999999997733
287,battery,1,9.999999999998444,1.4844945303009418e-12
287,battery,2,2.150985151515274e-12,9.999999999997696
288,battery,1,9.999999999998424,1.5050014809932537e-12
288,battery,2,2.181625635248021e-12,9.999999999997666
289,battery,1,9.999999999998415,1.5133880139688518e-12
289,battery,2,2.193974228616437e-12,9.999999999997653
290,battery,1,9.999999999998415,1.5130862090439091e-12
290,battery,2,2.193580125870206e-12,9.999999999997653
291,battery,1,9.999999999998419,1.5094744766655389e-12
291,battery,2,2.187862108632222e-12,9.999999999997659
292,battery,1,9.999999999998424,1.5051631970095121e-12
292,battery,2,2.181806661173226e-12,9.999999999997666
293,battery,1,9.99999999999843,1.5008647195401447e-12
293,battery,2,2.176234316598232e-12,9.999999999997673
294,battery,1,9.999999999998433,1.4964049922772936e-12
294,battery,2,2.1705903812936034e-12,9.99999999999768
295,battery,1,9.99999999999844,1.4917359473252226e-12
295,battery,2,2.164486197929522e-12,9.999999999997689
296,battery,1,9.999999999998446,1.48708861082484e-12
296,battery,2,2.158335503696794e-12,9.999999999997698
297,battery,1,9.999999999998451,1.4826862458882167e-12
297,battery,2,2.153231503309105e-12,9.999999999997705
298,battery,1,9.999999999998456,1.4791746216387212e-12
298,battery,2,2.149025050615737e-12,9.99999999999771
299,battery,1,9.999999999998252,1.6749556432200936e-12
299,battery,2,2.4347593297141137e-12,9.999999999997408
300,battery,1,9.999999999998261,1.6665745913440324e-12
300,battery,2,2.4229501265054743e-12,9.999999999997423
301,battery,1,9.99999999999827,1.6598714215686253e-12
301,battery,2,2.4139447787431357e-12,9.999999999997433
302,battery,1,9.99999999999828,1.6490111427016513e-12
302,battery,2,2.3985642580115765e-12,9.999999999997451
303,battery,1,9.999999999998298,1.633149531657673e-12
303,battery,2,2.3761080280138137e-12,9.999999999997476
304,battery,1,9.999999999998318,1.615954463035616e-12
304,battery,2,2.3516330570458415e-12,9.999999999997504
305,battery,1,9.999999999998336,1.5981967090788072e-12
305,battery,2,2.326549886431894e-12,9.999999999997533
306,battery,1,9.999999999998355,1.580687835868334e-12
306,battery,2,2.3017417109087174e-12,9.99999999999756
307,battery,1,9.999999999998373,1.563899162782528e-12
307,battery,2,2.27745716150199e-12,9.999999999997588
308,battery,1,9.99999999999839,1.5480690008945964e-12
308,battery,2,2.2546203255865318e-12,9.999999999997613
309,battery,1,9.999999999998405,1.5351175070088994e-12
309,battery,2,2.236289999125671e-12,9.999999999997632
310,battery,1,9.999999999998415,1.5252562948790268e-12
310,battery,2,2.2217588715655863e-12,9.99999999999765
311,battery,1,9.99999999999842,1.520363723766487e-12
311,battery,2,2.215150425150283e-12,9.999999999997657
312,battery,1,9.999999999998417,1.5236753803206305e-12
312,battery,2,2.220098759161717e-12,9.999999999997653
313,battery,1,9.999999999998401,1.539008413639961e-12
313,battery,2,2.2430825380484624e-12,9.999999999997629
314,battery,1,9.99999999999837,1.5716830461594664e-12
314,battery,2,2.291396937175217e-12,9.999999999997579
315,battery,1,9.999999999998309,1.6293049574126364e-12
315,battery,2,2.3754510536468892e-12,9.999999999997492
316,battery,1,9.999999999998215,1.7204825977434859e-12
316,battery,2,2.5086709591790906e-12,9.999999999997351
317,battery,1,9.999999999998069,1.861682220436766e-12
317,battery,2,2.7150304052537264e-12,9.999999999997133
318,battery,1,9.999999999997858,2.065332551560458e-12
318,battery,2,3.01291614490837e-12,9.99999999999682
319,battery,1,9.999999999997565,2.3482594607053315e-12
319,battery,2,3.426494636682895e-12,9.999999999996383
320,battery,1,9.999999999997222,2.6779006859159355e-12
320,battery,2,3.908509387116263e-12,9.999999999995875
321,battery,1,9.999999999996712,3.1715374350125287e-12
321,battery,2,4.6356177857665674e-12,9.99999999999511
322,battery,1,9.999999999999991,8.34104316698301e-15
322,battery,2,1.2197487736107611e-14,9.999999999999988
323,battery,1,9.999999999999954,4.397963027516964e-14
323,battery,2,6.440971402902878e-14,9.999999999999932
324,battery,1,9.99999999999978,2.1287971137553968e-13
324,battery,2,3.125362784795947e-13,9.99999999999967
325,battery,1,9.999999999999986,1.4219957030249916e-14
325,battery,2,2.0862763512931484e-14,9.999999999999979
326,battery,1,9.999999999997288,2.423606353858409e-12
326,battery,2,3.345946062171482e-12,9.999999999996076
327,battery,1,9.999999999999831,1.298461482358375e-13
327,battery,2,1.5057878265436391e-13,9.999999999999796
328,battery,1,9.999999999993856,5.416298589362814e-12
328,battery,2,7.478254919652474e-12,9.999999999990761
329,battery,1,9.999999999999982,1.7158389570572193e-14
329,battery,2,2.5424012154698947e-14,9.999999999999972
330,battery,1,9.999999999999504,4.656853891918998e-13
330,battery,2,7.039802252668765e-13,9.999999999999224
331,battery,1,9.999999999997108,2.7168779076209204e-12
331,battery,2,4.0937762878897085e-12,9.999999999995497
332,battery,1,9.999999999999138,7.679890204428222e-13
332,battery,2,9.3427785161917e-13,9.999999999998922
333,battery,1,9.999999999999966,3.1498747172670516e-14
333,battery,2,4.193232530651942e-14,9.999999999999952
334,battery,1,9.999999999996126,3.566746881174248e-12
334,battery,2,4.868207617842975e-12,9.99999999999447
335,battery,1,9.999999999992529,6.93663731656354e-12
335,battery,2,9.781277295460046e-12,9.999999999989043
336,battery,1,9.999999999999895,9.792626047511319e-14
336,battery,2,1.389863513862807e-13,9.999999999999845
337,battery,1,9.999999999999842,1.4705976478698258e-13
337,battery,2,2.0791032961928659e-13,9.99999999999977
338,battery,1,9.999999999996671,3.0565753165350666e-12
338,battery,2,3.9600727052029516e-12,9.999999999995572
339,battery,1,9.99999999999998,1.8609998856729016e-14
339,battery,2,2.5186209617330547e-14,9.999999999999972
340,battery,1,9.999999999994714,4.9594157702721695e-12
340,battery,2,7.064398549814589e-12,9.999999999992227
341,battery,1,9.999999999994367,5.314806636481775e-12
341,battery,2,7.845241451968763e-12,9.999999999991426
342,battery,1,9.999999999999755,2.322315900042374e-13
342,battery,2,3.421935396867931e-13,9.999999999999627
343,battery,1,9.999999999999927,6.938730847322261e-14
343,battery,2,1.0074810447148683e-13,9.99999999999989
344,battery,1,9.999999999999769,2.180706555103247e-13
344,battery,2,3.134146733832733e-13,9.999999999999659
345,battery,1,9.999999999999968,2.99716587812721e-14
345,battery,2,4.289483217729147e-14,9.999999999999954
346,battery,1,9.999999999999591,3.866390279485878e-13
346,battery,2,5.552976662995299e-13,9.9999999999994
347,battery,1,9.999999999999954,4.3384323614028425e-14
347,battery,2,6.251402438177034e-14,9.999999999999932
348,battery,1,9.999999999999986,1.3711702195732075e-14
348,battery,2,1.9767089464001788e-14,9.999999999999979
349,battery,1,9.999999999999995,5.7159389510979245e-15
349,battery,2,8.248854260098731e-15,9.999999999999991
350,battery,1,9.999999999997033,2.8292828784968982e-12
350,battery,2,4.0833516622108415e-12,9.999999999995627
351,battery,1,9.999999999998268,1.6529410109712069e-12
351,battery,2,2.387992040917583e-12,9.999999999997444
352,battery,1,9.999999999998337,1.5867052717076304e-12
352,battery,2,2.291710601061245e-12,9.999999999997549
353,battery,1,9.999999999998376,1.5495992893496314e-12
353,battery,2,2.238321301835611e-12,9.999999999997605
354,battery,1,9.999999999998394,1.5324541306532051e-12
354,battery,2,2.21317730988771e-12,9.999999999997632
355,battery,1,9.999999999998376,1.5496672980983205e-12
355,battery,2,2.2395119166133308e-12,9.999999999997604
356,battery,1,9.99999999999833,1.5947928944019796e-12
356,battery,2,2.30580458467881e-12,9.999999999997533
357,battery,1,9.999999999997605,2.287133841275633e-12
357,battery,2,3.3082340399185095e-12,9.999999999996463
358,battery,1,9.999999999996087,3.741028346025965e-12
358,battery,2,5.417887889316398e-12,9.999999999994213
359,battery,1,9.999999999999995,5.639356261930905e-15
359,battery,2,8.176880578871461e-15,9.999999999999991
360,battery,1,9.999999999999993,7.650612824652864e-15
360,battery,2,1.1105243195938655e-14,9.999999999999988
361,battery,1,9.999999999999991,9.289659402421925e-15
361,battery,2,1.349788200189393e-14,9.999999999999986
362,battery,1,9.999999999999988,1.2469598531107388e-14
362,battery,2,1.8134353993570777e-14,9.99999999999998
363,battery,1,9.999999999999988,1.2124830546329726e-14
363,battery,2,1.7646359825726646e-14,9.99999999999998
364,battery,1,9.99999999999999,1.0708881856674398e-14
364,battery,2,1.5595458680658574e-14,9.999999999999984
365,battery,1,9.999999999999991,8.642458434747834e-15
365,battery,2,1.2593139368067702e-14,9.999999999999986
366,battery,1,9.999999999999993,6.43369193974584e-15
366,battery,2,9.37930232832168e-15,9.99999999999999
367,battery,1,9.999999999999995,4.488303027654255e-15
367,battery,2,6.545560843518388e-15,9.999999999999993
368,battery,1,9.999999999996879,2.999262770182482e-12
368,battery,2,4.3750129507358875e-12,9.99999999999536
369,battery,1,9.999999999997927,1.9933541572527424e-12
369,battery,2,2.9078391027388234e-12,9.999999999996918
370,battery,1,9.999999999998368,1.5698352108729622e-12
370,battery,2,2.291874119707958e-12,9.999999999997572
371,battery,1,9.99999999999841,1.5301380119839946e-12
371,battery,2,2.2341209360872655e-12,9.999999999997634
372,battery,1,9.999999999998424,1.5162029845518565e-12
372,battery,2,2.2138951085776054e-12,9.999999999997657
373,battery,1,9.999999999998415,1.525497740359398e-12
373,battery,2,2.2273577378480995e-12,9.999999999997643
374,battery,1,9.99999999999838,1.5605284261305066e-12
374,battery,2,2.2783659123212504e-12,9.999999999997591
375,battery,1,9.999999999998051,1.8772109133949363e-12
375,battery,2,2.7388011700221227e-12,9.999999999997105
376,battery,1,9.999999999997232,2.6663589320724715e-12
376,battery,2,3.891204000255e-12,9.999999999995888
377,battery,1,9.999999999999996,3.697235705686616e-15
377,battery,2,5.395833024305417e-15,9.999999999999995
378,battery,1,9.999999999999995,4.81436191679319e-15
378,battery,2,7.026029228073873e-15,9.999999999999993
379,battery,1,9.999999999999995,5.775232606155218e-15
379,battery,2,8.42697060309971e-15,9.999999999999991
380,battery,1,9.999999999999993,6.3139069327324144e-15
380,battery,2,9.209984523721873e-15,9.999999999999991
381,battery,1,9.999999999999993,6.294441007986244e-15
381,battery,2,9.180714587206275e-15,9.999999999999991
382,battery,1,9.999999999999993,6.948490210573953e-15
382,battery,2,1.0142917551548239e-14,9.99999999999999
383,battery,1,9.999999999999986,1.3687944279462578e-14
383,battery,2,1.999921199299752e-14,9.999999999999979
384,battery,1,9.999999999999957,4.147745209067202e-14
384,battery,2,6.060811633182473e-14,9.999999999999936
385,battery,1,9.999999999999776,2.1672152394350333e-13
385,battery,2,3.1749934146273134e-13,9.999999999999664
386,battery,1,9.999999999999993,7.264605009838304e-15
386,battery,2,1.0640561263962312e-14,9.99999999999999
387,battery,1,9.999999999997378,2.529391910557737e-12
387,battery,2,3.735536358587487e-12,9.99999999999606
388,battery,1,9.99999999999995,4.6578731731903655e-14
388,battery,2,5.862209493150291e-14,9.999999999999938
389,battery,1,9.999999999996325,3.5149017036492285e-12
389,battery,2,4.716257053299191e-12,9.999999999994989
390,battery,1,9.999999999998407,1.282228481174828e-12
390,battery,2,1.4860674038113745e-12,9.99999999999808
391,battery,1,9.999999999953996,2.8348667280042666e-11
391,battery,2,2.5268503481258878e-11,9.999999999943991
392,battery,1,9.99999999999021,7.960565133753012e-12
392,battery,2,9.312774859801466e-12,9.99999999998685
393,battery,1,9.99999999999489,4.6876397174654435e-12
393,battery,2,6.641769595789214e-12,9.999999999992387
394,battery,1,9.999999999999973,2.4241684985052738e-14
394,battery,2,3.518567642388268e-14,9.999999999999961
395,battery,1,9.9999999999987,1.2131117232724402e-12
395,battery,2,1.7339472225040761e-12,9.999999999998082
396,battery,1,9.999999999999812,1.7514179273792273e-13
396,battery,2,2.464006956611847e-13,9.999999999999726
397,battery,1,9.999999999995564,4.05686536849829e-12
397,battery,2,5.3266840309281744e-12,9.999999999994001
398,battery,1,9.999999999999988,1.1277167838783926e-14
398,battery,2,1.5542271463948136e-14,9.999999999999982
399,battery,1,9.999999999994554,5.081282342837361e-12
399,battery,2,7.365867590595088e-12,9.999999999991788
400,battery,1,9.999999999999925,7.061332376417009e-14
400,battery,2,1.0522193378180875e-13,9.999999999999885
401,battery,1,9.99999999999998,1.9050069626746668e-14
401,battery,2,2.7966053470018704e-14,9.99999999999997
402,battery,1,9.999999999995438,4.283322824466325e-12
402,battery,2,6.2005271509376e-12,9.999999999993198
403,battery,1,9.999999999999723,2.5695239943208175e-13
403,battery,2,3.451515394399458e-13,9.999999999999618
404,battery,1,9.99999999999977,2.1435494953891165e-13
404,battery,2,3.0062393851513503e-13,9.99999999999967
405,battery,1,9.999999999999941,5.5585832923380306e-14
405,battery,2,8.033149478751044e-14,9.999999999999911
406,battery,1,9.999999999999611,3.654384417760569e-13
406,battery,2,5.2045376499926e-13,9.999999999999432
407,battery,1,9.999999999999988,1.0987849723670085e-14
407,battery,2,1.5594146594030422e-14,9.999999999999982
408,battery,1,9.999999999999899,9.537375046095768e-14
408,battery,2,1.307279587697097e-13,9.999999999999856
409,battery,1,9.999999999999963,3.4633800544664503e-14
409,battery,2,4.818923287539918e-14,9.999999999999947
410,battery,1,9.99999999999998,1.837014405090546e-14
410,battery,2,2.6528122675580895e-14,9.999999999999972
411,battery,1,9.99999999999998,1.9329770584699268e-14
411,battery,2,2.8330434877034503e-14,9.99999999999997
412,battery,1,9.999999999999725,2.620424999991799e-13
412,battery,2,3.8239122916185207e-13,9.99999999999959
413,battery,1,9.999999999998288,1.6335813755806246e-12
413,battery,2,2.3745943272508642e-12,9.999999999997454
414,battery,1,9.999999999999991,9.281104194583172e-15
414,battery,2,1.3434650265192704e-14,9.999999999999986
415,battery,1,9.999999999999993,7.42425489091016e-15
415,battery,2,1.0734019680417431e-14,9.99999999999999
416,battery,1,9.999999999997582,2.307503808995282e-12
416,battery,2,3.3351084249985276e-12,9.999999999996431
417,battery,1,9.999999999998268,1.654260451172061e-12
417,battery,2,2.3961711224977513e-12,9.999999999997437
418,battery,1,9.999999999998483,1.4479822959532456e-12
418,battery,2,2.0980589902315352e-12,9.999999999997756
419,battery,1,9.999999999998531,1.403505615712319e-12
419,battery,2,2.034796515718517e-12,9.999999999997824
420,battery,1,9.999999999998506,1.4279431329202958e-12
420,battery,2,2.070580458915123e-12,9.999999999997787
421,battery,1,9.999999999998467,1.4648192400888986e-12
421,battery,2,2.124761666109771e-12,9.99999999999773
422,battery,1,9.999999999998444,1.4881358751236152e-12
422,battery,2,2.1591897883507764e-12,9.999999999997694
423,battery,1,9.999999999998439,1.4938584582126714e-12
423,battery,2,2.1685773647581673e-12,9.999999999997687
424,battery,1,9.999999999998446,1.4888254882323962e-12
424,battery,2,2.162296811866245e-12,9.999999999997694
425,battery,1,9.999999999998455,1.4805642305820437e-12
425,battery,2,2.1515863343560307e-12,9.999999999997708
426,battery,1,9.999999999998256,1.6710501623788414e-12
426,battery,2,2.4289464847202495e-12,9.999999999997415
427,battery,1,9.999999999998268,1.6598957469101995e-12
427,battery,2,2.4133584252911712e-12,9.999999999997433
428,battery,1,9.999999999998277,1.6522253701461347e-12
428,battery,2,2.402650068048767e-12,9.999999999997446
429,battery,1,9.999999999998291,1.639322980546273e-12
429,battery,2,2.384702821901839e-12,9.999999999997467
430,battery,1,9.999999999998309,1.6232363634090038e-12
430,battery,2,2.3621745617872676e-12,9.999999999997492
431,battery,1,9.999999999998327,1.6064426173785635e-12
431,battery,2,2.3381664685357296e-12,9.999999999997518
432,battery,1,9.999999999998346,1.5891722587103571e-12
432,battery,2,2.3137084736676695e-12,9.999999999997547
433,battery,1,9.999999999998364,1.572317071949605e-12
433,battery,2,2.2892460473494632e-12,9.999999999997573
434,battery,1,9.999999999998382,1.5559265747172632e-12
434,battery,2,2.2662001975082536e-12,9.999999999997598
435,battery,1,9.999999999998398,1.5410359149979693e-12
435,battery,2,2.2449056449825194e-12,9.999999999997623
436,battery,1,9.99999999999841,1.5292661955901352e-12
436,battery,2,2.228217181820709e-12,9.999999999997641
437,battery,1,9.999999999998419,1.5210158941990793e-12
437,battery,2,2.216265472061457e-12,9.999999999997655
438,battery,1,9.999999999998423,1.518500971602572e-12
438,battery,2,2.212928527103754e-12,9.99999999999766
439,battery,1,9.999999999998417,1.524719427952645e-12
439,battery,2,2.2225454666503063e-12,9.99999999999765
440,battery,1,9.999999999998396,1.54422126850438e-12
440,battery,2,2.2508760708129486e-12,9.999999999997621
441,battery,1,9.999999999998359,1.5819829922975755e-12
441,battery,2,2.306583150899937e-12,9.999999999997563
442,battery,1,9.999999999998291,1.646624294975403e-12
442,battery,2,2.400616855350668e-12,9.999999999997465
443,battery,1,9.999999999998186,1.7472142717293236e-12
443,battery,2,2.547575675203348e-12,9.99999999999731
444,battery,1,9.999999999998028,1.900100292526421e-12
444,battery,2,2.771593219860331e-12,9.999999999997074
445,battery,1,9.9999999999978,2.119359282041589e-12
445,battery,2,3.0919776077894986e-12,9.999999999996737
446,battery,1,9.99999999999749,2.4192012493643238e-12
446,battery,2,3.5303577413219588e-12,9.999999999996275
447,battery,1,9.999999999997128,2.7697662655797914e-12
447,battery,2,4.042868437979928e-12,9.999999999995735
448,battery,1,9.99999999999656,3.3182999269258522e-12
448,battery,2,4.844627539476308e-12,9.99999999999489
449,battery,1,9.999999999999993,7.666778609534943e-15
449,battery,2,1.1190128960454892e-14,9.999999999999988
450,battery,1,9.99999999999997,2.843329546258072e-14
450,battery,2,4.15331094780781e-14,9.999999999999956
451,battery,1,9.99999999999944,5.396790857765174e-13
451,battery,2,7.880887218596724e-13,9.999999999999169
452,battery,1,9.999999999999806,1.8754675531492188e-13
452,battery,2,2.7643591114514606e-13,9.999999999999709
453,battery,1,9.999999999999895,9.303463183377152e-14
453,battery,2,1.293159262325724e-13,9.999999999999847
454,battery,1,9.999999999994134,5.098634797672586e-12
454,battery,2,6.9566638222284766e-12,9.999999999991513
455,battery,1,9.999999999995156,4.308406342429955e-12
455,battery,2,5.979621224192541e-12,9.999999999992932
456,battery,1,9.999999999995959,3.720373423896036e-12
456,battery,2,5.285725471107867e-12,9.999999999994044
457,battery,1,9.999999999999988,1.1068479650571569e-14
457,battery,2,1.582155171613513e-14,9.999999999999982
458,battery,1,9.999999999999915,7.903643438485195e-14
458,battery,2,1.1328228661545333e-13,9.999999999999874
459,battery,1,9.999999999998236,1.6458018652215518e-12
459,battery,2,2.3649850168858137e-12,9.999999999997382
460,battery,1,9.999999999998293,1.5896594127018963e-12
460,battery,2,2.2725617733150836e-12,9.999999999997481
461,battery,1,9.999999999999943,5.1523904471783624e-14
461,battery,2,6.596004748440672e-14,9.999999999999925
462,battery,1,9.999999999996716,3.0603870367773135e-12
462,battery,2,4.409734240694258e-12,9.999999999995069
463,battery,1,9.999999999999982,1.694623458987409e-14
463,battery,2,2.5190036573110033e-14,9.999999999999972
464,battery,1,9.999999999999517,4.557420312982931e-13
464,battery,2,6.892012681724947e-13,9.999999999999245
465,battery,1,9.999999999997266,2.5807096229647326e-12
465,battery,2,3.908883140343855e-12,9.999999999995728
466,battery,1,9.999999999999273,6.588515703626068e-13
466,battery,2,8.171963173937121e-13,9.999999999999076
467,battery,1,9.999999999999972,2.6898809911522387e-14
467,battery,2,3.633502395173657e-14,9.99999999999996
468,battery,1,9.999999999996605,3.1783050927825547e-12
468,battery,2,4.448678510743853e-12,9.999999999995095
469,battery,1,9.999999999993692,5.929091137839126e-12
469,battery,2,8.482169264166085e-12,9.999999999990704
470,battery,1,9.999999999999922,7.433939359482742e-14
470,battery,2,1.0620957442239566e-13,9.999999999999885
471,battery,1,9.99999999999987,1.223087054554631e-13
471,battery,2,1.7302205865290614e-13,9.999999999999812
472,battery,1,9.99999999999793,1.9198601481973957e-12
472,battery,2,2.5179127167863204e-12,9.99999999999722
473,battery,1,9.999999999999975,2.301548174819785e-14
473,battery,2,3.172805018057053e-14,9.999999999999966
474,battery,1,9.999999999991328,8.242224930481105e-12
474,battery,2,1.1906589409653317e-11,9.999999999987173
475,battery,1,9.999999999999993,7.406885241326475e-15
475,battery,2,1.099355341201195e-14,9.999999999999988
476,battery,1,9.99999999999985,1.4266276095170944e-13
476,battery,2,2.1065054475679374e-13,9.999999999999774
477,battery,1,9.99999999999994,5.767767651241138e-14
477,battery,2,8.493118871125091e-14,9.99999999999991
478,battery,1,9.999999999999801,1.906987918522234e-13
478,battery,2,2.796655057250741e-13,9.9999999999997
479,battery,1,9.999999999999973,2.5532033795395854e-14
479,battery,2,3.693098986095612e-14,9.999999999999961
480,battery,1,9.999999999999607,3.755267986090884e-13
480,battery,2,5.421326803020239e-13,9.99999999999942
481,battery,1,9.999999999999957,4.0903905515047997e-14
481,battery,2,5.903911244362895e-14,9.999999999999936
482,battery,1,9.999999999999986,1.3410805313568843e-14
482,battery,2,1.9383129884901022e-14,9.999999999999979
483,battery,1,9.999999999999995,5.699061687252366e-15
483,battery,2,8.237065482334968e-15,9.999999999999991
484,battery,1,9.999999999997021,2.845220050585043e-12
484,battery,2,4.1106262558898076e-12,9.999999999995605
485,battery,1,9.999999999998288,1.6361328241374379e-12
485,battery,2,2.3655892803523123e-12,9.999999999997472
486,battery,1,9.999999999998364,1.5646791467968082e-12
486,battery,2,2.2632139447172008e-12,9.999999999997584
487,battery,1,9.999999999998407,1.5247048591664845e-12
487,battery,2,2.2062825122803953e-12,9.999999999997648
488,battery,1,9.99999999999843,1.5028749198541927e-12
488,battery,2,2.1761462166658193e-12,9.999999999997682
489,battery,1,9.999999999998419,1.5146719046754336e-12
489,battery,2,2.1945591781547184e-12,9.999999999997664
490,battery,1,9.999999999997945,1.969286811559212e-12
490,battery,2,2.853413194398993e-12,9.999999999996964
491,battery,1,9.999999999996687,3.176400206728641e-12
491,battery,2,4.6071749234965226e-12,9.9999999999951
492,battery,1,9.999999999999995,4.982971779655766e-15
492,battery,2,7.235714436556866e-15,9.999999999999993
493,battery,1,9.999999999999993,7.26129717450214e-15
493,battery,2,1.0554386857678804e-14,9.99999999999999
494,battery,1,9.99999999999999,9.634672894786671e-15
494,battery,2,1.4016866915309347e-14,9.999999999999986
495,battery,1,9.999999999999988,1.1544259522388302e-14
495,battery,2,1.680937595273218e-14,9.999999999999982
496,battery,1,9.999999999999988,1.2488129132495192e-14
496,battery,2,1.8198004979973548e-14,9.99999999999998
497,battery,1,9.999999999999988,1.2234456080989984e-14
497,battery,2,1.7840791880997226e-14,9.99999999999998
498,battery,1,9.99999999999999,1.0904133831919928e-14
498,battery,2,1.5910563715546354e-14,9.999999999999984
499,battery,1,9.999999999999991,8.894294797804616e-15
499,battery,2,1.2984664519359999e-14,9.999999999999986
500,battery,1,9.999999999999993,6.698419991508493e-15
500,battery,2,9.782876576302546e-15,9.99999999999999
501,battery,1,9.999999999999995,4.724070115498416e-15
501,battery,2,6.900893807128587e-15,9.999999999999993
502,battery,1,9.99999999999669,3.1869348154307364e-12
502,battery,2,4.6563719806682844e-12,9.999999999995078
503,battery,1,9.999999999997788,2.1304414724081334e-12
503,battery,2,3.112506261461906e-12,9.99999999999671
504,battery,1,9.99999999999836,1.5798037791289463e-12
504,battery,2,2.30853477352245e-12,9.999999999997561
505,battery,1,9.999999999998327,1.6128258558691269e-12
505,battery,2,2.357466262718666e-12,9.99999999999751
506,battery,1,9.999999999998233,1.7038364193002006e-12
506,battery,2,2.489996492484189e-12,9.999999999997371
507,battery,1,9.999999999998066,1.864352172386571e-12
507,battery,2,2.724964690077611e-12,9.999999999997124
508,battery,1,9.999999999997817,2.1052777505925158e-12
508,battery,2,3.077263763453979e-12,9.999999999996753
509,battery,1,9.999999999997465,2.4445263221754575e-12
509,battery,2,3.5733313989058962e-12,9.999999999996229
510,battery,1,9.999999999997033,2.860388512642e-12
510,battery,2,4.181096255358557e-12,9.99999999999559
511,battery,1,9.999999999999995,4.892284829660347e-15
511,battery,2,7.137117953160579e-15,9.999999999999993
512,battery,1,9.999999999999988,1.200979057251467e-14
512,battery,2,1.753800897341119e-14,9.999999999999982
513,battery,1,9.999999999999963,3.597904078034614e-14
513,battery,2,5.257100304103927e-14,9.999999999999945
514,battery,1,9.99999999999986,1.3454584866397658e-13
514,battery,2,1.9467034762859376e-13,9.999999999999794
515,battery,1,9.999999999999982,1.6774215089205116e-14
515,battery,2,2.4532407964714788e-14,9.999999999999973
516,battery,1,9.99999999999701,2.6674928287717222e-12
516,battery,2,3.737569812961188e-12,9.9999999999956
517,battery,1,9.999999999999957,3.764444990641507e-14
517,battery,2,5.167302504160586e-14,9.999999999999938
518,battery,1,9.999999999999897,9.180709213759267e-14
518,battery,2,1.2730667427362626e-13,9.99999999999985
519,battery,1,9.999999999999718,2.6058458041566123e-13
519,battery,2,3.721364596173883e-13,9.99999999999958
520,battery,1,9.999999999989175,1.007443287007667e-11
520,battery,2,1.4424530140614246e-11,9.999999999983984
521,battery,1,9.999999999997542,2.293601408172742e-12
521,battery,2,3.2784258664252945e-12,9.999999999996374
522,battery,1,9.999999999999948,4.23019675625112e-14
522,battery,2,4.68761998189853e-14,9.999999999999941
523,battery,1,9.999999999992783,6.20213173503658e-12
523,battery,2,7.0256042498285485e-12,9.999999999991026
524,battery,1,9.999999999994063,5.199104668766677e-12
524,battery,2,6.1121503787316284e-12,9.999999999992463
525,battery,1,9.999999999995344,4.202382706169247e-12
525,battery,2,5.303381411889084e-12,9.999999999993797
526,battery,1,9.999999999996236,3.4691226109662367e-12
526,battery,2,4.676161327251705e-12,9.999999999994705
527,battery,1,9.99999999999648,3.2885062467317427e-12
527,battery,2,4.694911367210506e-12,9.999999999994785
528,battery,1,9.999999999999975,2.3469647074632042e-14
528,battery,2,3.4202231738637026e-14,9.999999999999963
529,battery,1,9.999999999998822,1.1059710151988142e-12
529,battery,2,1.5870597923217543e-12,9.999999999998261
530,battery,1,9.999999999999835,1.545213425497991e-13
530,battery,2,2.1859046699960126e-13,9.99999999999976
531,battery,1,9.999999999996398,3.3456466943764297e-12
531,battery,2,4.4760429220784914e-12,9.999999999995053
532,battery,1,9.99999999999999,9.519325632510196e-15
532,battery,2,1.3369103736701032e-14,9.999999999999986
533,battery,1,9.999999999995438,4.305589783748062e-12
533,battery,2,6.3072231554510266e-12,9.999999999993117
534,battery,1,9.99999999999995,4.738788217484291e-14
534,battery,2,7.07948734206799e-14,9.999999999999924
535,battery,1,9.999999999999986,1.4158756711451168e-14
535,battery,2,2.0842388285382854e-14,9.999999999999977
536,battery,1,9.999999999996517,3.3072841126364815e-12
536,battery,2,4.806010133149523e-12,9.999999999994811
537,battery,1,9.999999999999813,1.7615854526053974e-13
537,battery,2,2.4167927871792303e-13,9.999999999999739
538,battery,1,9.999999999999874,1.1901249575725225e-13
538,battery,2,1.6893988250454503e-13,9.999999999999819
539,battery,1,9.999999999999966,3.2641466839481366e-14
539,battery,2,4.682780757821524e-14,9.99999999999995
540,battery,1,9.999999999999755,2.332256153922896e-13
540,battery,2,3.3560573508308405e-13,9.999999999999641
541,battery,1,9.999999999999991,9.26865616020269e-15
541,battery,2,1.3311586186333162e-14,9.999999999999986
542,battery,1,9.999999999999917,7.988451743087577e-14
542,battery,2,1.125108264460906e-13,9.99999999999988
543,battery,1,9.999999999999966,3.1920877117812013e-14
543,battery,2,4.5122015244005745e-14,9.999999999999952
544,battery,1,9.999999999999986,1.4009614417592912e-14
544,battery,2,2.031372034360613e-14,9.999999999999979
545,battery,1,9.999999999999982,1.6483844359896203e-14
545,battery,2,2.4197043810767834e-14,9.999999999999973
546,battery,1,9.99999999999973,2.577942436634337e-13
546,battery,2,3.76884693638184e-13,9.999999999999597
547,battery,1,9.99999999999833,1.5958411327640356e-12
547,battery,2,2.3231108003423726e-12,9.999999999997518
548,battery,1,9.99999999999999,9.385353395370392e-15
548,battery,2,1.3602803649164488e-14,9.999999999999986
549,battery,1,9.999999999999993,7.569922099265499e-15
549,battery,2,1.0960245406046005e-14,9.999999999999988
550,battery,1,9.999999999997485,2.4070666953185046e-12
550,battery,2,3.4852883796419605e-12,9.999999999996284
551,battery,1,9.999999999998305,1.6239243408529095e-12
551,battery,2,2.3570473330161294e-12,9.999999999997488
552,battery,1,9.99999999999832,1.6110420193189344e-12
552,battery,2,2.3401269363601785e-12,9.99999999999751
553,battery,1,9.999999999998378,1.5551175334021296e-12
553,battery,2,2.2604622727096822e-12,9.999999999997595
554,battery,1,9.999999999998355,1.5768897411353885e-12
554,battery,2,2.2930117103063113e-12,9.999999999997563
555,battery,1,9.999999999998321,1.6101586093307678e-12
555,battery,2,2.3420323230324843e-12,9.999999999997511
556,battery,1,9.999999999998307,1.624536819569334e-12
556,battery,2,2.3632097803231733e-12,9.99999999999749
557,battery,1,9.999999999998314,1.6185569170747338e-12
557,battery,2,2.355226568233637e-12,9.9999999999975
558,battery,1,9.999999999998334,1.6001276683201642e-12
558,battery,2,2.32913431168637e-12,9.999999999997529
559,battery,1,9.999999999998359,1.5778688872184603e-12
559,battery,2,2.297414431697601e-12,9.999999999997565
560,battery,1,9.99999999999838,1.556932318990421e-12
560,battery,2,2.267207989620253e-12,9.999999999997598
561,battery,1,9.9999999999984,1.5389647342010382e-12
561,battery,2,2.241627511956737e-12,9.999999999997627
562,battery,1,9.999999999998414,1.5253857875089385e-12
562,battery,2,2.2223915621294654e-12,9.999999999997648
563,battery,1,9.999999999998424,1.5159931307002935e-12
563,battery,2,2.20893707709813e-12,9.999999999997662
564,battery,1,9.99999999999843,1.5120090467115544e-12
564,battery,2,2.203269195319673e-12,9.99999999999767
565,battery,1,9.999999999998426,1.5158417242485657e-12
565,battery,2,2.2095806354305576e-12,9.999999999997664
566,battery,1,9.99999999999841,1.5317122633666036e-12
566,battery,2,2.2328501155397403e-12,9.999999999997641
567,battery,1,9.999999999998376,1.5645458539084973e-12
567,battery,2,2.2810808491691095e-12,9.99999999999759
568,battery,1,9.999999999998316,1.6219995208250836e-12
568,battery,2,2.3653240126085874e-12,9.999999999997502
569,battery,1,9.999999999998224,1.712247526262902e-12
569,battery,2,2.4972211381256264e-12,9.999999999997364
570,battery,1,9.99999999999808,1.8512451146244985e-12
570,battery,2,2.7004175029727317e-12,9.999999999997149
571,battery,1,9.999999999997872,2.0519836326390768e-12
571,battery,2,2.993527100282396e-12,9.99999999999684
572,battery,1,9.999999999997582,2.331059514703162e-12
572,battery,2,3.40180003656879e-12,9.99999999999641
573,battery,1,9.999999999997238,2.6640046220996667e-12
573,battery,2,3.8887697274971085e-12,9.999999999995897
574,battery,1,9.999999999996733,3.1493076449377608e-12
574,battery,2,4.598088615655483e-12,9.999999999995149
575,battery,1,9.999999999999995,5.534011223561937e-15
575,battery,2,8.074990384655906e-15,9.999999999999991
576,battery,1,9.999999999999979,1.9985754177973122e-14
576,battery,2,2.9190261705705825e-14,9.99999999999997
577,battery,1,9.999999999999881,1.152908241378323e-13
577,battery,2,1.7047222700462198e-13,9.99999999999982
578,battery,1,9.999999999999984,1.5322977682982208e-14
578,battery,2,2.238230139514579e-14,9.999999999999977
579,battery,1,9.999999999997057,2.8391191591024284e-12
579,battery,2,4.152952489627053e-12,9.99999999999562
580,battery,1,9.999999999999083,8.168471173625558e-13
580,battery,2,1.131820862161684e-12,9.999999999998666
581,battery,1,9.999999999994184,5.05342220971626e-12
581,battery,2,6.8941491653994155e-12,9.999999999991587
582,battery,1,9.999999999994895,4.51941917849571e-12
582,battery,2,6.236931137484127e-12,9.999999999992584
583,battery,1,9.999999999996662,3.0680652154003484e-12
583,battery,2,4.3343067850104445e-12,9.999999999995106
584,battery,1,9.999999999997,2.7896248258350872e-12
584,battery,2,3.97193605054334e-12,9.999999999995588
585,battery,1,9.99999999999703,2.770307606803448e-12
585,battery,2,3.9528239292376955e-12,9.999999999995627
586,battery,1,9.999999999996994,2.801108458758839e-12
586,battery,2,3.995563046878901e-12,9.999999999995575
587,battery,1,9.999999999996955,2.834726376356095e-12
587,battery,2,4.040310087372456e-12,9.999999999995518
588,battery,1,9.999999999996946,2.8412071266874078e-12
588,battery,2,4.048821415641778e-12,9.999999999995506
589,battery,1,9.999999999997,2.7951490233099405e-12
589,battery,2,3.994518098745191e-12,9.999999999995575
590,battery,1,9.999999999996383,3.3788472812807565e-12
590,battery,2,4.846025416287756e-12,9.999999999994648
591,battery,1,9.999999999999988,1.1005799435341765e-14
591,battery,2,1.5791619417729636e-14,9.999999999999982
592,battery,1,9.99999999999992,7.510527987951962e-14
592,battery,2,1.084816069651993e-13,9.999999999999881
593,battery,1,9.99999999999839,1.5130991990400654e-12
593,battery,2,2.1838946354401706e-12,9.999999999997609
594,battery,1,9.999999999998517,1.395388572364875e-12
594,battery,2,2.0159824682874987e-12,9.999999999997796
595,battery,1,9.999999999999956,4.1388872549556847e-14
595,battery,2,5.474260162895785e-14,9.99999999999994
596,battery,1,9.999999999997204,2.636798816737693e-12
596,battery,2,3.851611241786778e-12,9.999999999995786
597,battery,1,9.999999999999986,1.2686293431038773e-14
597,battery,2,1.887608293053129e-14,9.999999999999979
598,battery,1,9.99999999999966,3.2133269483101515e-13
598,battery,2,4.858849491315322e-13,9.999999999999472
599,battery,1,9.999999999997774,2.1130236812754133e-12
599,battery,2,3.1826975727448015e-12,9.999999999996554
600,battery,1,9.999999999999636,3.3708333668926195e-13
600,battery,2,4.293762025792402e-13,9.999999999999527
601,battery,1,9.999999999999986,1.3255229132849155e-14
601,battery,2,1.8188568259514338e-14,9.99999999999998
602,battery,1,9.999999999994118,5.588279414032666e-12
602,battery,2,7.97212801379842e-12,9.999999999991417
603,battery,1,9.999999999999991,8.279078823596653e-15
603,battery,2,1.1996181705539396e-14,9.999999999999988
604,battery,1,9.999999999999948,4.994474612195555e-14
604,battery,2,7.190642557680722e-14,9.999999999999924
605,battery,1,9.999999999999893,1.0184973769263965e-13
605,battery,2,1.457399290195708e-13,9.999999999999844
606,battery,1,9.999999999998224,1.6795857949419207e-12
606,battery,2,2.2608215255455084e-12,9.999999999997561
607,battery,1,9.999999999999982,1.7528670353590254e-14
607,battery,2,2.4415509104883468e-14,9.999999999999973
608,battery,1,9.999999999993065,6.62206259829321e-12
608,battery,2,9.590865292859772e-12,9.999999999989736
609,battery,1,9.999999999999993,7.085640302710088e-15
609,battery,2,1.0525130070969726e-14,9.99999999999999
610,battery,1,9.999999999999853,1.407115577262072e-13
610,battery,2,2.0802578812681374e-13,9.999999999999778
611,battery,1,9.99999999999994,5.704875310959985e-14
611,battery,2,8.391420633174992e-14,9.999999999999911
612,battery,1,9.9999999999998,1.9207019782631245e-13
612,battery,2,2.8214737498718603e-13,9.999999999999698
613,battery,1,9.999999999999973,2.5225868227368187e-14
613,battery,2,3.653221251865691e-14,9.999999999999961
614,battery,1,9.999999999999593,3.899743228867299e-13
614,battery,2,5.639953624844594e-13,9.999999999999398
615,battery,1,9.999999999999957,4.044842118858781e-14
615,battery,2,5.854162072332598e-14,9.999999999999938
616,battery,1,9.999999999999986,1.3577788632678006e-14
616,battery,2,1.9677940910516348e-14,9.999999999999979
617,battery,1,9.999999999999993,7.388423570223896e-15
617,battery,2,1.0709864391505973e-14,9.99999999999999
618,battery,1,9.999999999999996,3.878368216518434e-15
618,battery,2,5.619892730320029e-15,9.999999999999995
619,battery,1,9.999999999997724,2.1824492504875545e-12
619,battery,2,3.1606960868347903e-12,9.999999999996641
620,battery,1,9.999999999998224,1.7055301123964013e-12
620,battery,2,2.473217774381811e-12,9.999999999997373
621,battery,1,9.99999999999828,1.650096230155502e-12
621,battery,2,2.3937114952760018e-12,9.99999999999746
622,battery,1,9.99999999999832,1.6143080464528479e-12
622,battery,2,2.3427875396906834e-12,9.999999999997515
623,battery,1,9.999999999998327,1.6082461980004043e-12
623,battery,2,2.335092740281928e-12,9.999999999997524
624,battery,1,9.999999999997849,2.067767492362234e-12
624,battery,2,3.0031349036062614e-12,9.999999999996819
625,battery,1,9.999999999996533,3.3339618135948255e-12
625,battery,2,4.84705863124498e-12,9.999999999994866
626,battery,1,9.999999999999995,5.215773801693412e-15
626,battery,2,7.59013608771719e-15,9.999999999999991
627,battery,1,9.999999999999993,7.568914868611e-15
627,battery,2,1.1023662369125508e-14,9.999999999999988
628,battery,1,9.99999999999999,9.98298284891087e-15
628,battery,2,1.4550508375218302e-14,9.999999999999984
629,battery,1,9.999999999999988,1.1867517744074876e-14
629,battery,2,1.7309215009884894e-14,9.999999999999982
630,battery,1,9.999999999999988,1.269393958551768e-14
630,battery,2,1.8526076935479928e-14,9.99999999999998
631,battery,1,9.999999999999988,1.2238074810690807e-14
631,battery,2,1.7870384358259007e-14,9.99999999999998
632,battery,1,9.99999999999999,1.0633046072230271e-14
632,battery,2,1.553346119358779e-14,9.999999999999984
633,battery,1,9.999999999999991,8.34126583144272e-15
633,battery,2,1.21891700086384e-14,9.999999999999988
634,battery,1,9.999999999999995,5.9576957137305995e-15
634,battery,2,8.706979711027183e-15,9.999999999999991
635,battery,1,9.999999999999996,3.9870583474367874e-15
635,battery,2,5.825910313721907e-15,9.999999999999995
636,battery,1,9.999999999999996,2.7170261095308303e-15
636,battery,2,3.968311518427689e-15,9.999999999999996
637,battery,1,9.999999999997073,2.8228989144001928e-12
637,battery,2,4.129792302909455e-12,9.999999999995643
638,battery,1,9.999999999996811,3.07554837283418e-12
638,battery,2,4.493917886680446e-12,9.999999999995259
639,battery,1,9.999999999999991,7.862337031037934e-15
639,battery,2,1.1502776741830009e-14,9.999999999999988
640,battery,1,9.999999999999972,2.8201062637070076e-14
640,battery,2,4.128576564549574e-14,9.999999999999956
641,battery,1,9.999999999999448,5.336159545429264e-13
641,battery,2,7.809040652281814e-13,9.999999999999176
642,battery,1,9.999999999999806,1.862546614579469e-13
642,battery,2,2.754982706163737e-13,9.999999999999709
643,battery,1,9.999999999999897,9.264235315639686e-14
643,battery,2,1.294322593670424e-13,9.999999999999847
644,battery,1,9.999999999993518,5.644321779914633e-12
644,battery,2,7.740832708619865e-12,9.999999999990573
645,battery,1,9.999999999993735,5.566052011496449e-12
645,battery,2,7.694155332401704e-12,9.999999999990902
646,battery,1,9.99999999999418,5.3519099663116385e-12
646,battery,2,7.562982949905523e-12,9.99999999999147
647,battery,1,9.999999999993072,6.439774438543881e-12
647,battery,2,9.163154858443848e-12,9.999999999989818
648,battery,1,9.999999999999991,7.553317827669384e-15
648,battery,2,1.0762155696510833e-14,9.999999999999988
649,battery,1,9.999999999999991,8.139509171829238e-15
649,battery,2,1.1594546771402347e-14,9.999999999999988
650,battery,1,9.99999999999999,9.582901424978653e-15
650,battery,2,1.3666203712654887e-14,9.999999999999984
651,battery,1,9.999999999999979,1.975845580579798e-14
651,battery,2,2.8223231377597963e-14,9.999999999999968
652,battery,1,9.999999999999934,6.072189257397722e-14
652,battery,2,8.66848211247022e-14,9.999999999999904
653,battery,1,9.99999999999975,2.3447477097373496e-13
653,battery,2,3.37024322203557e-13,9.999999999999627
654,battery,1,9.999999999989601,9.735075935780422e-12
654,battery,2,1.3990282743757964e-11,9.999999999984597
655,battery,1,9.99999999999765,2.204610872279858e-12
655,battery,2,3.168569625407578e-12,9.999999999996522
656,battery,1,9.999999999999961,3.4051017690799894e-14
656,battery,2,3.869686859234761e-14,9.999999999999954
657,battery,1,9.999999999994335,5.110029167898206e-12
657,battery,2,6.214220093217778e-12,9.99999999999279
658,battery,1,9.999999999995413,4.1830940349607575e-12
658,battery,2,5.238813952128085e-12,9.99999999999403
659,battery,1,9.999999999996307,3.4159152602964457e-12
659,battery,2,4.488550717102524e-12,9.999999999994985
660,battery,1,9.999999999996778,3.0138318440381585e-12
660,battery,2,4.1565205192712335e-12,9.999999999995419
661,battery,1,9.999999999995934,3.832916094831273e-12
661,battery,2,5.539214190828228e-12,9.999999999993952
662,battery,1,9.999999999999982,1.6986021280580395e-14
662,battery,2,2.4826696367305194e-14,9.999999999999973
663,battery,1,9.999999999999309,6.552240877910145e-13
663,battery,2,9.456525233567903e-13,9.999999999998979
664,battery,1,9.99999999999987,1.2257877850834618e-13
664,battery,2,1.7525535844287332e-13,9.999999999999812
665,battery,1,9.99999999999728,2.5684022574104566e-12
665,battery,2,3.4728983178457994e-12,9.999999999996245
666,battery,1,9.999999999999988,1.1551540732492148e-14
666,battery,2,1.6479659926638038e-14,9.999999999999982
667,battery,1,9.999999999993085,6.613574246051489e-12
667,battery,2,9.781372273092368e-12,9.99999999998954
668,battery,1,9.999999999999964,3.397090608518025e-14
668,battery,2,5.051490236896687e-14,9.999999999999947
669,battery,1,9.999999999999986,1.2869662886199977e-14
669,battery,2,1.9018836136363467e-14,9.99999999999998
670,battery,1,9.99999999999684,3.0204145644357895e-12
670,battery,2,4.410066891660492e-12,9.999999999995286
671,battery,1,9.999999999999817,1.7350282649860533e-13
671,battery,2,2.393570351403395e-13,9.999999999999742
672,battery,1,9.99999999999988,1.157984008684878e-13
672,battery,2,1.6523805174044647e-13,9.999999999999822
673,battery,1,9.999999999999966,3.259175628993688e-14
673,battery,2,4.6839405628518456e-14,9.99999999999995
674,battery,1,9.999999999999757,2.324059570179521e-13
674,battery,2,3.3493471988986394e-13,9.999999999999641
